id_registro,tipo_registro,tweet_id,id_tweet_padre,id_conversacion,url,autor_username,autor_nombre,autor_verificado,texto,fecha_publicacion,idioma,favoritos,retweets,respuestas,citas,vistas,guardados,tiene_multimedia,urls_multimedia,es_comentario,responde_a_usuario,consulta_busqueda,fuente_descubrimiento,fecha_scraping
tweet_00005,tweet_principal,2104950755656626436,,2104950755656626436,https://x.com/desconocido/status/2104950755656626436,@desconocido,,False,sin huecos y sin trancon una avenida? no es bogotá definitivamente,2026-09-29T15:05:42+00:00,es,1,0,0,0,50,0,False,[],False,,"(""hueco"" OR ""huecos"" OR ""bache"" OR ""baches"") (Bogotá OR Bogota) -fiscal -financiero -filter:retweets lang:es",Scrapfly Search,2026-09-29T15:02:38-05:00
tweet_00006,tweet_principal,2104945622641934790,,2104945622641934790,https://x.com/desconocido/status/2104945622641934790,@desconocido,,False,Uy menos mal y a bogota me voy por cielo porque estas carreteras tienen es un montón de huecos 😭,2026-09-29T14:45:19+00:00,es,5,0,0,0,302,0,False,[],False,,"(""hueco"" OR ""huecos"" OR ""bache"" OR ""baches"") (Bogotá OR Bogota) -fiscal -financiero -filter:retweets lang:es",Scrapfly Search,2026-09-29T15:02:38-05:00
tweet_00007,tweet_principal,2104934234133836025,,2104934234133836025,https://x.com/desconocido/status/2104934234133836025,@desconocido,,True,"📰 #UMVEnMedios | #LaEntidadDeLosBarrios alcanzó este año una cifra histórica al superar el millón de metros cuadrados intervenidos en infraestructura vial y peatonal de Bogotá. 👏

¡Son más de 137.000 huecos reparados! ✅ Lee la nota completa de @lafm, aquí:",2026-09-29T14:00:03+00:00,es,2,1,0,0,217,0,False,[],False,,"(""hueco"" OR ""huecos"" OR ""bache"" OR ""baches"") (Bogotá OR Bogota) -fiscal -financiero -filter:retweets lang:es",Scrapfly Search,2026-09-29T15:02:38-05:00
tweet_00009,tweet_principal,2104911589497266246,,2104911589497266246,https://x.com/desconocido/status/2104911589497266246,@desconocido,,False,"Buenos días, Bogotá. 

Otro hijueputa día para pelear con el tráfico, los huecos, TransMilenio y la gente.

Tinto en mano y paciencia en la mierda.

Porque madrugar por gusto es para gente que no vive acá.",2026-09-29T12:30:04+00:00,es,1,0,0,0,109,0,False,[],False,,"(""hueco"" OR ""huecos"" OR ""bache"" OR ""baches"") (Bogotá OR Bogota) -fiscal -financiero -filter:retweets lang:es",Scrapfly Search,2026-09-29T15:02:38-05:00
tweet_00012,tweet_principal,2104735900609474940,,2104735900609474940,https://x.com/desconocido/status/2104735900609474940,@desconocido,,True,Pana de vd uds creen que Bogotá es un hueco o que vergas,2026-09-29T00:51:57+00:00,es,5,0,1,0,767,0,False,[],False,,"(""hueco"" OR ""huecos"" OR ""bache"" OR ""baches"") (Bogotá OR Bogota) -fiscal -financiero -filter:retweets lang:es",Scrapfly Search,2026-09-29T15:02:38-05:00
tweet_00013,tweet_principal,2104732425666572654,,2104732425666572654,https://x.com/desconocido/status/2104732425666572654,@desconocido,,False,"350.000 de más en el predial en @Bogota para luego salir y en la esquina encontrarse con un hueco, los separadores de la autonorte llenos de indigentes y basuras.  Que ganas de pagar de más.",2026-09-29T00:38:08+00:00,es,43,6,1,0,620,0,False,[],False,,"(""hueco"" OR ""huecos"" OR ""bache"" OR ""baches"") (Bogotá OR Bogota) -fiscal -financiero -filter:retweets lang:es",Scrapfly Search,2026-09-29T15:02:38-05:00
tweet_00014,tweet_principal,2104690941831606333,,2104690941831606333,https://x.com/desconocido/status/2104690941831606333,@desconocido,,True,"🛣️ Bogotá se arregla desde los barrios. La @UMVbogota ya supera 1 millón de m² intervenidos este año y reporta más de 137.000 huecos reparados, llegando a cientos de barrios de la ciudad. Estos son los resultados que se sienten en la calle. Hay que reconocer el trabajo y, sobre",2026-09-28T21:53:18+00:00,es,10,2,0,0,224,1,False,[],False,,"(""hueco"" OR ""huecos"" OR ""bache"" OR ""baches"") (Bogotá OR Bogota) -fiscal -financiero -filter:retweets lang:es",Scrapfly Search,2026-09-29T15:02:38-05:00
tweet_00021,tweet_principal,2104975763460218929,,2104975763460218929,https://x.com/desconocido/status/2104975763460218929,@desconocido,,False,"Subiendo a Monteloro.
Sentido medellín Bogotá.
Transitar con precaución ACPM en la vía regado A la hora personal del Invías tratando de arrojar tierra para que no quede muy liso el asfalto  confirmado solo daños materiales https://t.co/4CygQ5EQcK",2026-09-29T16:45:05+00:00,es,3,3,0,0,171,0,True,['https://pbs.twimg.com/media/HTZgTBrW8AAy4aZ.jpg'],False,,"(""malla vial"" OR ""deterioro vial"" OR ""pavimento"" OR ""asfalto"") (Bogotá OR Bogota) -fiscal -filter:retweets lang:es",Scrapfly Search,2026-09-29T15:02:38-05:00
tweet_00026,tweet_principal,2104824473405083901,,2104824473405083901,https://x.com/desconocido/status/2104824473405083901,@desconocido,,True,"📍 Carrera 27 entre av. Primero de Mayo y calle 24 sur

Vecinos de Rafael Uribe Uribe, hoy el #EquipoTapaHuecos está en su localidad mejorando la malla vial y la calidad de vida. https://t.co/Azx2OAODpz",2026-09-29T06:43:54+00:00,es,6,1,3,0,702,0,True,['https://pbs.twimg.com/amplify_video_thumb/2104824172677308417/img/DjyVRsbLXMziBbUK.jpg'],False,,"(""malla vial"" OR ""deterioro vial"" OR ""pavimento"" OR ""asfalto"") (Bogotá OR Bogota) -fiscal -filter:retweets lang:es",Scrapfly Search,2026-09-29T15:02:38-05:00
tweet_00027,tweet_principal,2104692879264235911,,2104692879264235911,https://x.com/desconocido/status/2104692879264235911,@desconocido,,True,"🗞️#UMVEnMedios | La entidad de los barrios superó el millón de metros cuadrados intervenidos este año en Bogotá. Así lo reportó @RevistaSemana. 

Porque seguimos trabajando por la ciudad, día y noche. 

https://t.co/MtKgVvwOyp",2026-09-28T22:01:00+00:00,es,1,0,0,0,414,0,False,[],False,,"(""malla vial"" OR ""deterioro vial"" OR ""pavimento"" OR ""asfalto"") (Bogotá OR Bogota) -fiscal -filter:retweets lang:es",Scrapfly Search,2026-09-29T15:02:38-05:00
tweet_00029,tweet_principal,2104671835816448008,,2104671835816448008,https://x.com/desconocido/status/2104671835816448008,@desconocido,,False,"Sigue abierto el pavimento en calle Bogotá entre avenida Providencia y Labrador; hoy ya sin letreros visibles. Mucho riesgo para peatones y automovilistas ⚠️⚠️⚠️⚠️⚠️

Colonia #Providencia 

@siapagdl @Trafico_ZMG @GuadalajaraGob @VeroDelgadilloG https://t.co/YZvwrYvS8t",2026-09-28T20:37:23+00:00,es,3,0,1,0,687,0,True,"['https://pbs.twimg.com/media/HTVL4CxWQAAqJ7F.jpg', 'https://pbs.twimg.com/media/HTVL4CsW0AE07nw.jpg']",False,,"(""malla vial"" OR ""deterioro vial"" OR ""pavimento"" OR ""asfalto"") (Bogotá OR Bogota) -fiscal -filter:retweets lang:es",Scrapfly Search,2026-09-29T15:02:38-05:00
tweet_00031,tweet_principal,2104543379858087938,,2104543379858087938,https://x.com/desconocido/status/2104543379858087938,@desconocido,,False,"⚠️Cuando llueve, las llantas de tu moto pueden perder adherencia en el asfalto, aumentando la distancia necesaria para frenar.  Ten en cuenta esta recomendación para llegar seguro a casa:👇

#MovilidadSegura #NoSomosUnaCifra https://t.co/DQlH4cTHRe",2026-09-28T12:06:56+00:00,es,1,0,0,0,3532,0,True,['https://pbs.twimg.com/media/HTTXDHfWUAA1hwm.jpg'],False,,"(""malla vial"" OR ""deterioro vial"" OR ""pavimento"" OR ""asfalto"") (Bogotá OR Bogota) -fiscal -filter:retweets lang:es",Scrapfly Search,2026-09-29T15:02:38-05:00
tweet_00036,tweet_principal,2104380665982574893,,2104380665982574893,https://x.com/desconocido/status/2104380665982574893,@desconocido,,True,"Esta semana recuperamos 48 mil m2 de malla vial.

Trabajamos en Kennedy, Barrios Unidos, Usaquén, Chapinero, Teusaquillo, Fontibón y Engativá para mejorar las vías que usan todos los días los bogotanos.

Seguimos recuperando las vías de Bogotá, una por una, para que la ciudad https://t.co/ttwxdnSZCo",2026-09-28T01:20:22+00:00,es,386,69,152,15,24789,1,True,['https://pbs.twimg.com/amplify_video_thumb/2104380480271290368/img/BCg2soemQ2ep2Qr-.jpg'],False,,"(""malla vial"" OR ""deterioro vial"" OR ""pavimento"" OR ""asfalto"") (Bogotá OR Bogota) -fiscal -filter:retweets lang:es",Scrapfly Search,2026-09-29T15:02:38-05:00
tweet_00037,tweet_principal,2104290170912608395,,2104290170912608395,https://x.com/desconocido/status/2104290170912608395,@desconocido,,True,"Sin desvirtuar la necesidad que hay de recursos públicos para muchas obras y servicios públicos indispensables (que muchas veces mejoran más la vida que el consumo privado) y la construcción de igualdad, tiene razón Representante y líder @DanielBricen, al señalar que hay",2026-09-27T19:20:47+00:00,es,221,46,33,6,40098,4,False,[],False,,"(""malla vial"" OR ""deterioro vial"" OR ""pavimento"" OR ""asfalto"") (Bogotá OR Bogota) -fiscal -filter:retweets lang:es",Scrapfly Search,2026-09-29T15:02:38-05:00
tweet_00038,tweet_principal,2104153638901854324,,2104153638901854324,https://x.com/desconocido/status/2104153638901854324,@desconocido,,False,"La malla vial de la ciudad de Bogotá se encuentra muy deteriorada.
Vias como la autopista norte , carrera 68, la Boyaca, la autopista sur, la 30 parecen más un carreteable veredal y ni hablar de las localidades.
¿Quién hace control, quien verifica la gestion distrital?",2026-09-27T10:18:15+00:00,es,1,0,0,0,123,0,False,[],False,,"(""malla vial"" OR ""deterioro vial"" OR ""pavimento"" OR ""asfalto"") (Bogotá OR Bogota) -fiscal -filter:retweets lang:es",Scrapfly Search,2026-09-29T15:02:38-05:00
tweet_00039,tweet_principal,2103964124187410855,,2103964124187410855,https://x.com/desconocido/status/2103964124187410855,@desconocido,,True,"Apreciado Alcalde, Bogotá tiene un alto nivel de ingresos y de recursos, gran parte se van todos los días a alimentar los grupos políticos cercanos al Alcalde Mayor.

Lo que le pedimos al Alcalde es que intervenga las alcaldías locales, donde varios concejales de la ciudad",2026-09-26T21:45:11+00:00,es,2676,908,131,16,118825,27,False,[],False,,"(""malla vial"" OR ""deterioro vial"" OR ""pavimento"" OR ""asfalto"") (Bogotá OR Bogota) -fiscal -filter:retweets lang:es",Scrapfly Search,2026-09-29T15:02:38-05:00
tweet_00042,tweet_principal,2104343887519338794,,2104343887519338794,https://x.com/desconocido/status/2104343887519338794,@desconocido,,False,"🚧 La comunidad del barrio Las Delicias solicita a las autoridades competentes la reparación y reparcheo de la vía principal, que presenta un evidente deterioro y afecta la movilidad y seguridad de residentes y conductores. @UMVbogota @CarlosFGalan @SCPrensaMC @Alcaldiakennedy https://t.co/OO48H1xzWc",2026-09-27T22:54:14+00:00,es,0,0,0,0,22,0,True,"['https://pbs.twimg.com/media/HTQhnDAWEAAqoOw.jpg', 'https://pbs.twimg.com/media/HTQhnDDWcAAp31M.jpg', 'https://pbs.twimg.com/media/HTQhnC7W4AACf5h.jpg']",False,,(@UMVBogota OR @SectorMovilidad OR @idubogota) (hueco OR bache OR deterioro OR pavimento) -filter:retweets lang:es,Scrapfly Search,2026-09-29T15:02:38-05:00
tweet_00054,tweet_principal,2097520155639034223,,2097520155639034223,https://x.com/desconocido/status/2097520155639034223,@desconocido,,False,"📌✅ Comunidad del barrio El Carmen espera prontas soluciones para la vía que está en total deterioro en Fontibón 
@UMVbogota https://t.co/mxQHg2uTXg",2026-09-09T02:59:09+00:00,es,4,1,0,0,764,0,True,['https://pbs.twimg.com/media/HRvjX2QXcAA6VmN.jpg'],False,,(@UMVBogota OR @SectorMovilidad OR @idubogota) (hueco OR bache OR deterioro OR pavimento) -filter:retweets lang:es,Scrapfly Search,2026-09-29T15:02:38-05:00
tweet_00058,tweet_principal,2093685155705553368,,2093685155705553368,https://x.com/desconocido/status/2093685155705553368,@desconocido,,True,"Las cuadrillas de la @UMVbogota llegaron a Prado Veraniego Norte, en @subaalcaldia, y repararon este hueco que afectaba la movilidad de vecinos y conductores.

En #LaEntidadDeLosBarrios trabajamos todos los días para mejorar las vías de Bogotá. https://t.co/xMtQPYDEd9",2026-08-29T13:00:14+00:00,es,4,2,2,0,258,0,True,['https://pbs.twimg.com/media/HQ5DjFeWoAAULO3.jpg'],False,,(@UMVBogota OR @SectorMovilidad OR @idubogota) (hueco OR bache OR deterioro OR pavimento) -filter:retweets lang:es,Scrapfly Search,2026-09-29T15:02:38-05:00
tweet_00060,tweet_principal,2102912162255798746,,2102912162255798746,https://x.com/desconocido/status/2102912162255798746,@desconocido,,False,"Bogotá es una ciudad caótica en la movilidad. A quien se le ocurre poner semáforo en una glorieta ??la congestión no se arregla con semáforos en cada cuadra. la carrera 11 todos los huecos en fila por el carril derecho de la 100 hasta la 72. Nombre a alguien con sentido común!""!! https://t.co/0UPXSIS6lj",2026-09-24T00:05:04+00:00,es,9,6,0,0,142,0,True,"['https://pbs.twimg.com/media/HS8LdR6WgAAFfOJ.jpg', 'https://pbs.twimg.com/media/HS8LdR3WYAAwMxQ.jpg']",False,,"(""huecos"" OR ""baches"") (Bogotá OR Bogota) filter:images -fiscal -filter:retweets lang:es",Scrapfly Search,2026-09-29T15:02:38-05:00
tweet_00061,tweet_principal,2101675088282009913,,2101675088282009913,https://x.com/desconocido/status/2101675088282009913,@desconocido,,True,"Así transformamos la 📍carrera 78F con calle 35G Sur, en Ciudad Kennedy Central. 🛣️✨

Pasamos de los huecos a una vía completamente renovada para mejorar la movilidad y seguridad vial de todos.

¡Obras que le cambian la cara a Bogotá! 🚧 https://t.co/8uKepURp3i",2026-09-20T14:09:22+00:00,es,2,0,0,0,393,0,True,['https://pbs.twimg.com/media/HSqlbhWXEAAAebA.jpg'],False,,"(""huecos"" OR ""baches"") (Bogotá OR Bogota) filter:images -fiscal -filter:retweets lang:es",Scrapfly Search,2026-09-29T15:02:38-05:00
tweet_00064,tweet_principal,2097146319156740111,,2097146319156740111,https://x.com/desconocido/status/2097146319156740111,@desconocido,,True,"La más pequeña tenía apenas 11 meses.
La mayor, solo 13 años.
Y durante 40 días, cuatro hermanos sobrevivieron solos en la selva amazónica de Colombia.

El 1 de mayo de 2023, una pequeña avioneta en la que viajaba la familia Mucutuy se estrelló en lo profundo de la selva.

Los https://t.co/ZQwujAZG4f",2026-09-08T02:13:40+00:00,es,60,18,0,1,1380,0,True,['https://pbs.twimg.com/media/HRqPdhPXUAA_ndu.jpg'],False,,"(""huecos"" OR ""baches"") (Bogotá OR Bogota) filter:images -fiscal -filter:retweets lang:es",Scrapfly Search,2026-09-29T15:02:38-05:00
tweet_00065,tweet_principal,2096995911561789719,,2096995911561789719,https://x.com/desconocido/status/2096995911561789719,@desconocido,,True,"La más pequeña tenía apenas 11 meses.
La mayor, solo 13 años.
Y durante 40 días, cuatro hermanos sobrevivieron solos en la selva amazónica de Colombia.

El 1 de mayo de 2023, una pequeña avioneta en la que viajaba la familia Mucutuy se estrelló en lo profundo de la selva.

Los https://t.co/yMrwgSy78y",2026-09-07T16:16:00+00:00,es,68,16,1,0,3481,7,True,['https://pbs.twimg.com/media/HRoGqkiakAA4VBQ.jpg'],False,,"(""huecos"" OR ""baches"") (Bogotá OR Bogota) filter:images -fiscal -filter:retweets lang:es",Scrapfly Search,2026-09-29T15:02:38-05:00
tweet_00066,tweet_principal,2096990838005874775,,2096990838005874775,https://x.com/desconocido/status/2096990838005874775,@desconocido,,False,"!! Recuerdan ustedes que durante la Alcaldía de Bogotá y cuando se destapó el robo de las motos eléctricas, el robo con la máquina tapa huecos y el robo con los compactadores de basura, también se dijo que estaba en la ruina ?…

Una vieja TRAMA COMUNISTA !!!
@petrogustavo https://t.co/dL4F8PiZjB",2026-09-07T15:55:50+00:00,es,303,236,7,7,2815,0,True,['https://pbs.twimg.com/media/HRoCDJjXYAIRp5b.jpg'],False,,"(""huecos"" OR ""baches"") (Bogotá OR Bogota) filter:images -fiscal -filter:retweets lang:es",Scrapfly Search,2026-09-29T15:02:38-05:00
tweet_00069,tweet_principal,2082338085350605172,,2082338085350605172,https://x.com/desconocido/status/2082338085350605172,@desconocido,,True,#Movilidad | 🚗🚌Desde el Concejo de Bogotá pidieron un plan de choque para intervenir las vías más deterioradas y prevenir nuevas muertes. Le contamos ➡️ https://t.co/t8pucryy2J https://t.co/SVzEbU6ekR,2026-07-29T05:31:02+00:00,es,5,1,0,0,2496,0,True,['https://pbs.twimg.com/media/HOXzG6UXUAAB5Kj.jpg'],False,,"(""huecos"" OR ""baches"") (Bogotá OR Bogota) filter:images -fiscal -filter:retweets lang:es",Scrapfly Search,2026-09-29T15:02:38-05:00
tweet_00071,tweet_principal,2079894821863403584,,2079894821863403584,https://x.com/desconocido/status/2079894821863403584,@desconocido,,False,"Trochas para la competitividad: la Medellín-Bogotá
Por: @jfsuescun 

Las regiones más competitivas de Colombia están conectadas por una trocha.

En el Índice Departamental de Competitividad 2026, presentado la semana pasada por el Consejo Privado de Competitividad, en los https://t.co/KrzHsebMpR",2026-07-22T11:42:22+00:00,es,4,2,0,1,934,0,True,['https://pbs.twimg.com/media/HN1FTqIXcAAk_2-.png'],False,,"(""huecos"" OR ""baches"") (Bogotá OR Bogota) filter:images -fiscal -filter:retweets lang:es",Scrapfly Search,2026-09-29T15:02:38-05:00
tweet_00073,tweet_principal,2074562070377611734,,2074562070377611734,https://x.com/desconocido/status/2074562070377611734,@desconocido,,True,"#DenunciaCiudadana ¦ #ATENCIÓN | Crecen las quejas por el avanzando deterioro de la vía Medellín–Bogotá (Tramo Caño Alegre - Santuario).

Transportadores del Oriente y Magdalena Medio antioqueño, integrantes del grupo Los Magníficos de la Ruta 60, realizaron un recorrido entre https://t.co/AnENAMy3ac",2026-07-07T18:31:55+00:00,es,4,2,0,1,1073,0,True,"['https://pbs.twimg.com/media/HMpTNVuW8AAli7G.jpg', 'https://pbs.twimg.com/media/HMpTNVKWMAAR_AP.jpg', 'https://pbs.twimg.com/media/HMpTNU4XUAAVbzE.jpg', 'https://pbs.twimg.com/media/HMpTNXCW0AAuNHU.jpg']",False,,"(""huecos"" OR ""baches"") (Bogotá OR Bogota) filter:images -fiscal -filter:retweets lang:es",Scrapfly Search,2026-09-29T15:02:38-05:00
tweet_00075,tweet_principal,2066151837120487618,,2066151837120487618,https://x.com/desconocido/status/2066151837120487618,@desconocido,,True,"Conductores conocidos como “Los Magníficos” continúan tapando con sus propios recursos los huecos de la Autopista Medellín - Bogotá, en el tramo entre El Santuario y Caño Alegre.

La vía está a cargo del @InviasOficial. La comunidad y los transportadores insisten en la necesidad https://t.co/DMtAbtONyO",2026-06-14T13:32:39+00:00,es,9,2,1,1,1837,0,True,"['https://pbs.twimg.com/media/HKxyJGEXYAA0QHb.jpg', 'https://pbs.twimg.com/media/HKxyJGIWcAA-gFK.jpg', 'https://pbs.twimg.com/media/HKxyJGGXoAAuVb3.jpg']",False,,"(""huecos"" OR ""baches"") (Bogotá OR Bogota) filter:images -fiscal -filter:retweets lang:es",Scrapfly Search,2026-09-29T15:02:38-05:00
tweet_00077,tweet_principal,2062549852794286450,,2062549852794286450,https://x.com/desconocido/status/2062549852794286450,@desconocido,,False,"Hoy estuve en @Citytv hablando sobre el trabajo que venimos haciendo desde la @UMVBogota, #LaEntidadDeLosBarrios, para mejorar la malla vial. 🚧

Los resultados hablan solos: entre 2024 y 2026 hemos intervenido más de 200 mil huecos en @Bogota, cumpliéndole a la gente.🧵 https://t.co/YIhuSOGXjD",2026-06-04T14:59:39+00:00,es,7,3,1,0,362,0,True,"['https://pbs.twimg.com/media/HJ-mKJPXkAATwui.jpg', 'https://pbs.twimg.com/media/HJ-mKH_WEAA2Hjm.jpg']",False,,"(""huecos"" OR ""baches"") (Bogotá OR Bogota) filter:images -fiscal -filter:retweets lang:es",Scrapfly Search,2026-09-29T15:02:38-05:00
tweet_00078,tweet_principal,2062510523216756930,,2062510523216756930,https://x.com/desconocido/status/2062510523216756930,@desconocido,,True,"💬 En minutos: nuestra directora, @monicaruedap, estará #EnVivo en @Citytv,  conversando sobre la labor de #LaEntidadDeLosBarrios en la atención de huecos en #Bogotá y el balance positivo de nuestra gestión en esta administración.

Conéctate aquí: https://t.co/ZFDJ3QLMIZ https://t.co/LrQgll8pmC",2026-06-04T12:23:22+00:00,es,4,1,0,0,129,0,True,['https://pbs.twimg.com/media/HJ-CWeWWMAAkfYn.jpg'],False,,"(""huecos"" OR ""baches"") (Bogotá OR Bogota) filter:images -fiscal -filter:retweets lang:es",Scrapfly Search,2026-09-29T15:02:38-05:00
tweet_00079,tweet_principal,2061070189513560221,,2061070189513560221,https://x.com/desconocido/status/2061070189513560221,@desconocido,,True,"🚨Las calles de Bogotá están cambiando🚨

Así luce esta vía renovada en el barrio Modelia, localidad de @Fontibon_Bogota, donde mejoramos esta calle que presentaba huecos y mal estado. Porque somos #LaEntidadDeLosBarrios y la gente es nuestra prioridad. https://t.co/Z2ynrsYqho",2026-05-31T13:00:00+00:00,es,5,0,1,0,325,0,True,['https://pbs.twimg.com/media/HJgwy5JXwAEbmaR.jpg'],False,,"(""huecos"" OR ""baches"") (Bogotá OR Bogota) filter:images -fiscal -filter:retweets lang:es",Scrapfly Search,2026-09-29T15:02:38-05:00
tweet_00088,tweet_principal,2102938777362862564,,2102938777362862564,https://x.com/desconocido/status/2102938777362862564,@desconocido,,False,"@UMVbogota Debido a las obras de la 68, en el barrio Rionegro la Calle 98 A entre Carrera 62 y Carrera 60, está totalmente destruida. Es importante.",2026-09-24T01:50:49+00:00,es,0,0,0,0,20,0,False,[],False,@UMVbogota,to:UMVBogota (hueco OR bache OR daño OR calle OR avenida OR vía OR pavimentar OR arreglo OR cráter),Scrapfly Search,2026-09-29T15:02:38-05:00
tweet_00094,tweet_principal,2084097140519821356,,2084097140519821356,https://x.com/desconocido/status/2084097140519821356,@desconocido,,False,"@UMVbogota y @AlcaldiaBunidos quedó bonita la Av Cra 60 reparada, pero ¿Para cuándo un andén para los peatones? O solamente interesa la vía para los carros del campo de golf y que compran postres? Ah y para las motos de los piques nocturnos @Infractores_Col @JD_Quinteror @Maferoc https://t.co/ZUS5JneLy5",2026-08-03T02:00:53+00:00,es,2,1,1,0,85,0,True,['https://pbs.twimg.com/media/HOwzTEdX0AAjFhc.jpg'],False,@UMVbogota,to:UMVBogota (hueco OR bache OR daño OR calle OR avenida OR vía OR pavimentar OR arreglo OR cráter),Scrapfly Search,2026-09-29T15:02:38-05:00
tweet_00126,tweet_principal,2103290306737099256,,2103290306737099256,https://x.com/desconocido/status/2103290306737099256,@desconocido,,False,@idubogota  @UMVbogota les recomiendo que ojalá se pusieran la camiseta y por favor pavimentar ya lo que les pertenece al idú y es pavimentar la vía en el sector de la av Villavicencio en donde está la estación 1 del @MetroBogota a ellos del metro no les pertenece terminar eso.,2026-09-25T01:07:41+00:00,es,0,0,0,0,40,0,False,[],False,@idubogota,to:idubogota (hueco OR bache OR cráter OR deterioro OR vía OR obras OR pavimento OR calle),Scrapfly Search,2026-09-29T15:02:38-05:00
tweet_00130,tweet_principal,2103219802370195877,,2103219802370195877,https://x.com/desconocido/status/2103219802370195877,@desconocido,,False,"@idubogota hoy 24 de septiembre 3:30 pm hay seis trabajadores desde la Cra 65 hasta la suba en la calle 100 , que son los tramos más retrasados en ejecución . Porque no ponen más gente ? https://t.co/3EmXLssMNC",2026-09-24T20:27:31+00:00,es,0,0,0,0,10,0,True,"['https://pbs.twimg.com/media/HTAjQmHXEAAmUmp.jpg', 'https://pbs.twimg.com/media/HTAjQmDWIAA5Bzk.jpg', 'https://pbs.twimg.com/media/HTAjQmFWYAABzU3.jpg', 'https://pbs.twimg.com/media/HTAjQmEWcAA5E5U.jpg']",False,@idubogota,to:idubogota (hueco OR bache OR cráter OR deterioro OR vía OR obras OR pavimento OR calle),Scrapfly Search,2026-09-29T15:02:38-05:00
tweet_00140,tweet_principal,2103606404242182548,,2103606404242182548,https://x.com/desconocido/status/2103606404242182548,@desconocido,,False,@SectorMovilidad cuantos accidentes mas y cuantos peatones mas en peligro se necesitan para que empiecen a regular las “bicicletas” (motos) electricas,2026-09-25T22:03:44+00:00,es,0,0,0,0,20,0,False,[],False,@SectorMovilidad,to:SectorMovilidad (hueco OR bache OR accidente OR peligro OR moto OR ciclista OR cráter),Scrapfly Search,2026-09-29T15:02:38-05:00
tweet_00142,tweet_principal,2103459154270777643,,2103459154270777643,https://x.com/desconocido/status/2103459154270777643,@desconocido,,False,@SectorMovilidad los agentes que están en moto hacen persecución a conductores,2026-09-25T12:18:37+00:00,es,0,0,0,0,18,0,False,[],False,@SectorMovilidad,to:SectorMovilidad (hueco OR bache OR accidente OR peligro OR moto OR ciclista OR cráter),Scrapfly Search,2026-09-29T15:02:38-05:00
tweet_00143,tweet_principal,2103206237659935222,,2103206237659935222,https://x.com/desconocido/status/2103206237659935222,@desconocido,,True,"@SectorMovilidad @Bogota @TransMilenio @PoliciaBogota @CarlosFGalan 
El señor de este bus de SITP intento echarnos encima dos veces de manera violenta su carro, cuando lo intentó por tercera vez al nosotros hacerle el reclamo, hizo que un carro nos chocara por detrás.

Siendo las https://t.co/FP675SWiv9",2026-09-24T19:33:37+00:00,es,0,0,0,0,399,0,True,"['https://pbs.twimg.com/amplify_video_thumb/2103206185587326977/img/ph3_SZwZ7Zm_myqj.jpg', 'https://pbs.twimg.com/media/HTAW4evXgAIINdY.jpg']",False,@SectorMovilidad,to:SectorMovilidad (hueco OR bache OR accidente OR peligro OR moto OR ciclista OR cráter),Scrapfly Search,2026-09-29T15:02:38-05:00
tweet_00146,tweet_principal,2102882992893071804,,2102882992893071804,https://x.com/desconocido/status/2102882992893071804,@desconocido,,False,"@SectorMovilidad 
Srs , grúas por todas las vías principales, estás personas son un peligro para todos.",2026-09-23T22:09:09+00:00,es,0,0,0,0,14,0,False,[],False,@SectorMovilidad,to:SectorMovilidad (hueco OR bache OR accidente OR peligro OR moto OR ciclista OR cráter),Scrapfly Search,2026-09-29T15:02:38-05:00
tweet_00148,tweet_principal,2102849483478589847,,2102849483478589847,https://x.com/desconocido/status/2102849483478589847,@desconocido,,False,"@SectorMovilidad @transmisitp @DefensoriaCol  fíjense el peligro q corremos usuarios, este carro estaba peligrosamente sin fuerza subir la montaña de suba. Pasaje bien caro y la calidad del servicio terrible. @CarlosFGalan Ud. apoyo a subir la tarifa, ahora q nos den buen servici https://t.co/V4AYirOlgi",2026-09-23T19:56:00+00:00,es,1,0,0,0,9,0,True,['https://pbs.twimg.com/amplify_video_thumb/2102849382672486401/img/G0pakZgzxqUVVTKO.jpg'],False,@SectorMovilidad,to:SectorMovilidad (hueco OR bache OR accidente OR peligro OR moto OR ciclista OR cráter),Scrapfly Search,2026-09-29T15:02:38-05:00
tweet_00149,tweet_principal,2102799177960845727,,2102799177960845727,https://x.com/desconocido/status/2102799177960845727,@desconocido,,True,"@SectorMovilidad @ColombiaOscura
@PasaenBogota para que se paga, SOAT, semaforizacion y cuánto impuesto y comparendos se inventan, si media moto robada, sin placa y con carga extra dimensionada circula sin ningún problema? https://t.co/LRE3cy7ooo",2026-09-23T16:36:06+00:00,es,0,0,1,0,19,0,True,['https://pbs.twimg.com/amplify_video_thumb/2102799129281785856/img/nMAIH58IfDqrh-8j.jpg'],False,@SectorMovilidad,to:SectorMovilidad (hueco OR bache OR accidente OR peligro OR moto OR ciclista OR cráter),Scrapfly Search,2026-09-29T15:02:38-05:00
